Filename,Transcription,polarity
2Idvq4JFAn8.mp3,"Sou o Tabaco do Pessoal. Não sou candidato a nada e conheço pessoalmente o padre de Júlio Lancelotti e o trabalho que ele faz na MOCA é muito inspirador. É uma coisa, ele dá pão a quem tem fome, ele faz cursos profissionalizantes, ele ouve mais do que",0.0
mw3xqO48XHU.mp3,"Meu nome é Miriam de Moraes, sou professora e venho nesse vídeo, padre Júlio, agradecer o senhor por tudo que o senhor fez pela minha mãezinha. Só Deus para lhe conceder o centuplo, mas é inesquecível o que o senhor fez pela minha mãe.",0.0
9lAVyNrIRAw.mp3,"Sou o padre Marcos de Pindamãeangaba, São Paulo. E faz pouco tempo que eu conheço o padre Júlio, muito pouco tempo. Na verdade, eu já o vi uma vez quando eu trabalhei na pastoral carcerária, ele estava andando nas ruas de São Paulo.",0.0
11dveql_cyg.mp3,"Olá, eu sou Vicente, criador do projeto Cientileza, projeto social que distribui marmitas para pessoas em situação de rua no estado do Piauí, a cidade de Terezina. Sou motor boy e conheço de perto todas as dificuldades e injustiças que sofrem as pessoas que estão do lado dos mais vulneráveis, dos excluídos da população de rua. Através do querido padre Júlio Lancelot, eu conheci o termoaporofobia, que é o ódio ao pobre, bem como também conheci o termo arquitetura hostil, que",0.03333333333333333
o2qBXeS1hhk.mp3,you,0.0
A30z9v6IuPY.mp3,"Meus irmãos, minhas irmãs, vivemos o terceiro domingo da Quaresma. Este caminho que nos leva para a Páscoa. A Quaresma não tem um sentido em si mesma, não é uma rua sem saída. A Quaresma é um caminho que nos leva para a Páscoa.",0.0
_meRxQWU99A.mp3,"Pesados irmãos, sou António Funari Filho, presidente da Comissão de Justiça e Paz, Arquidóxia de São Paulo. Não nos enganemos, essa campanha odiosa contra o padre Julo faz parte de uma articulação nacional e internacional contra a CNBB e contra o Papa Francisco. O amor vencerá o ódio. Estamos juntos.",0.0
gHdf9pQkRoY.mp3,"Há alguns que chamam esse domingo o domingo da contradição, porque teve tanta festa na entrada de Jesus, nós mesmos na celebração cantamos, agitamos os ramos e depois vai dizer",0.0
X1iwTQgYKFE.mp3,"Sou professor Paulo Cesar Pedrini, coordenador da pastoral operária, conselheiro da PEOESP e do Simpem, e membro da frente interreligiosa Dom Paulo Evaristo Arnes e da Cate Brasil. Venha aqui a manifestar o nosso apoio, nossa solidariedade incondicionais ao querido irmão, Padre Júlio Lancelotti.",0.0
IiAcbyUbYso.mp3,"Meu nome é Silvia Carnevale, eu sou paroquiana, há 40 anos da São Miguel Arcanjo e sempre acompanhei o Padre Júlio Lancelotti. E eu só tenho que agradecer a ele, porque o Padre Júlio faz parte da minha família. Meus filhos foram crescendo na São Miguel Arcanjo, eu tenho três filhos, dois foram",0.0
azXVVOVDWiM.mp3,"Meu nome é Maurinho Monteiro Juna, sou engenheiro civil, participo de diversos movimentos em defesa da democracia nesse país e estou aqui para me solidarizar com o Pai de Julo e denunciar essa farsa montada pela extrema direita nos países contra um homem que luta e luta com",0.0
2W20MFvXQe4.mp3,"Meu nome é Mariane Martins Serino dos Santos, de Curitiba, e sou membro do Núcleo Nacional de Política e Religião. Por isso, quero manifestar meu apoio incondicional ao nosso querido Padre Julio Lancelotti, vigar episcopal, parapastoral do povo da rua e da paróquia de São Miguel Arcângelo de São Paulo. O Padre Julio é um combatente incansável em defesa dos direitos humanos",0.0
Inkhj0DDJBs.mp3,"Cantarmos com essa força, com vigor, com alegria, no domingo da Páscoa, aleluia, é um grito de resistência, é um grito de oposição à guerra, à violência, a todo tipo de maldade, a toda discriminação e preconceito. Assim, os cristãos vão cantando para o martírio,",0.0
yBVBxu0NWdQ.mp3,"Meu nome é Raquel Lessa, sou poeta e escritora, sou de Juíva, Rio Grande do Sul. Eu escrevi o livro Márcio Inicial, baseado em fatos reais e uma ficção. Os fatos reais sobre as obras do Padrezinho, uma pesquisa séria, só que um pouco de suas obras, porque não tem como nomear, não tem como escrever tudo que ele faz. Ele é um homem fantástico, mais do que um sacerdote, ele é um ser humano incrível.",0.0
LkLShwzBoik.mp3,"Paz de Julho, eu me chamo Zulei Bassi, moro em São João de O Rei, mas sou do grupo Pontos de Luta de Belo Horizonte. Já bordei aquela estola, estou lá na sua estola. Estou do seu lado, Paz de Julho, te amo demais, dá conta. E aprendi com Gustavo Gutierrez, que falava, fica do lado pobre, tem ou não razão. Te abraço com muita ternura.",0.0
VWmHITH8GPE.mp3,"Olá, meu nome é Rinalda. Eu participo da barórica São Miguel Arcanjo, já está fazendo 18 anos, quando eu me imudei do bairro da Vila Mariana para a MOCA, no março de 2006. Naquele período,",0.0
24cB1xaAHE0.mp3,"Padre Júlio, meu nome é Karen Souto, sou de Brasília e queria deixar aqui minha mensagem de apoio ao Senhor nessa luta, não é pelo respeito, pela dignidade das pessoas.",0.0
qdtw9ViaUqQ.mp3,"Carol, estou aqui hoje para repudiar toda a forma de ataque que o padre Júlio vem sofrendo. Somos totalmente contra esses ataques. O padre Júlio está sempre do lado da população, principalmente a população em situação de rua. E ele está ao lado dos direitos dessas pessoas. Ele não merece de forma alguma viver qualquer tipo de ataque.",0.0
rQbOFgfYYF8.mp3,"O Deus que me criou, me quis, me consagrou Para anunciar o seu amor Eu sou como chuva em terra seca",0.0
ji_fq1qHrPc.mp3,you,0.0
W097fFALVN0.mp3,"Olá, eu sou Augusto, sou professor, psicopedagogo e agente social. Quero aqui declarar o meu apoio ao padre Júlio Lancelotti. Conheci o padre Júlio através dos seus projetos sociais, dos seus programas, do que ele faz, do que ele tem feito pela população em situação de rua e também a luta e o direito das pessoas, das minorias. Eu conheci o padre Júlio numa época que eu precisava muito de apoio, que era quando a minha mãe estava passando e lutando pelo câncer.",0.03333333333333333
cLGUOt_4wmk.mp3,"Eu sou a irmã Eliana Dias, sou da Congregação de Jesus e estou agora nesse momento em missão em Moçambique, na África, mas durante os anos de 2018 até 2023, início de 2023, ajudei bastante ali na casa de oração e posso falar que o Padre Júlio é um homem íntegro, uma pessoa que sempre",0.0
CXXlUFP1Zyg.mp3,"Querido padre Júlio, nós estamos aqui, a Marcia e eu, e todos vocês que vieram de longe, eu vi que vieram de Minas Gerais, de Rondônia, estamos aqui para estar em profunda comunhão com você, mostrar a nossa profunda fraternidade. Aquilo que eu achei que disse é algo evangélico e profético.",0.0
2x2Cdnc-Aok.mp3,"Mãos de Deus, biografia autorizada do padre Júlio Lancelotti. Os 75 anos dessa pessoa não podiam passar sem um registro que contasse do dia do nascimento até o dia do seu aniversário.",0.0
GJb1sIMcYR4.mp3,"Oi gente, eu me chamo Islânia Lima, sou jornalista, sou amazonense, estou no momento aqui em São Paulo e hoje vim conhecer pessoalmente, também assistir a maravilhosa missa do Padre Júlio Lancelotti, um exemplo para nós amazonenses, para todos que estão aqui também, que são migrantes que estão em São Paulo e eu me sinto muito orgulhosa de passar esse momento aqui e ver o quanto o trabalho dele é bonito e precisa de contribuição, que essas pessoas que estão na rua são pessoas que precisam de apoio, né?",0.0
JaRmR3Ps8AM.mp3,"Pá de Julho, eu fui um menino de rua, como se diz por aí, garoto de rua, 1987. Quem mora na rua, ou quem morou na rua, sabe que a rua é mais ou menos como para a gente entender uma selva, e na selva a gente precisa sobreviver, porque na selva tem predadores, e na selva também nós somos presas.",0.0
dgi2x3iffG8.mp3,"Nós vamos cantar esse canto da alegria do povo que luta em ação de graças. Os devotos do divino vão abrir sua morada para a bandeira do menino ser bem-vinda, ser louvada. Todos nós somos da bandeira do divino da bandeira que anuncia Jesus está vivo no meio de nós caminha conosco",0.0
pXQRGzFtCzg.mp3,"Olá, eu sou Victor Santana, sou membro do grupo da partilha e venho aqui dar o meu apoio e prestar a minha solidariedade ao meu querido amigo e irmão, Padre Júlio Lancelotti, que mais uma vez vem sendo perseguido e atacado pela extrema-direita por católicos ultraconservadores.",0.0
b4wewLat2sc.mp3,"Queria lembrar que domingo que vem é Domingo de Ramos, dia 24 de março, e é o dia litúrgico também de Santo Oscar Romero, que vai ser... é uma memória omitida nesse dia, mas que a gente lembra que é Domingo de Ramos, celebraremos também a memória de Dom Oscar Romero. A missa será mantida aqui às 10 horas,",0.0
ncZ1jy9-gl8.mp3,Boa tarde.,0.0
IiRAOu7684c.mp3,"de nós. Cristo tem de verdade Cristo, verdade de nós.",0.0
I9BxYPxHw9k.mp3,"Padre Júlia, aqui é a Mônica Valdifóguer. Eu acho que só vai se lembrar, se deu uma entrevista lindíssima pra gente no dia do Natal, de manhã, no dia 25, quando estava fazendo o café da manhã lá para tantas pessoas desassistidas, esses que a senhora atende também. Estamos aqui na Catedral da Sé, fizemos uma oração pelo senhor, para que seja sempre muito abençoado nesse trabalho tão",0.0
8efvKNBYIM8.mp3,"Apenas uma pequena palavra e não vai acrescentar muito ao que foi meditado na humilha. Mas o que me chama a atenção nas leituras de hoje, Júlio, e isso também meditava antes de fazer a pregação na manhã de hoje em minha comunidade, é a convicção quando na primeira leitura se diz que é palavra do Senhor.",0.0
djGJVW8SURw.mp3,"Com o cheiro do Recife encaminho todo o meu amor e apoio ao padre Júlio Lancelotti. Este homem que faz a diferença nas ruas de São Paulo acolhendo a população de rua, os mais necessitados e que está sofrendo uma campanha de difamação.",0.0
-O2nWSfLqvM.mp3,you,0.0
qT9IgwZ12Iw.mp3,"Eu tô aqui pra falar sobre o Padre Júlio Lancelot e sobre o trabalho que ele faz de assistência, de humanidade, de gentileza, de benevolência, de amor, né? Todos os dias. Essas pessoas cujos corpos a gente passa, pula na rua, o Padre Júlio tá com ela todos os dias, alimentando, abraçando, apoiando. Há muito tempo ele faz isso. Padre Júlio trabalha com os excluídos,",0.0
SI9UorQ81fs.mp3,"Queridos irmãos, queridas irmãs, com muita alegria, me dirijo ao querido Padre Júlio Lancelotti, a todos os que o apoiam e se solidarizam com ele nessa missão tão profética de ser presença de Cristo no meio dos nossos irmãos, em especial os que não têm vez, os que não",0.0
fbxHnCE1ozc.mp3,"Meus irmãos, minhas irmãs, nós estamos vivendo hoje o quarto domingo da Páscoa, que é chamado Domingo do Bom Pastor. A tradução correta seria do belo pastor, do bonito pastor. A palavra grega usada para designar o bom pastor é kalos, que quer dizer belo, bonito.",0.0
RqlzA108UZM.mp3,"Olá, eu sou a Beatriz Dota, sou psicóloga e Mestre em Psicologia Social pela PUC São Paulo. Eu atuo com pessoas em situação de rua há mais de 10 anos e sou membro da Pastoral do Povo de Rua desde 2014, onde eu tive o imenso prazer de conhecer e atuar junto com o Padre Júlio Lancelotti,",0.03333333333333333
p7L9m5YoQTQ.mp3,"A grande marca do seu trabalho, e é isso que expressa também, também expressa os seus limites, naturalmente, mas a grande marca do seu trabalho é o testemunho cristão que você dá do que é o núcleo e o centro do Evangelho, que é o cuidado com os pobres. Quer nós gostemos, quer nós não gostemos, esse é o centro do cuidado e da prática de Jesus.",0.0
0BxwuBWN4oo.mp3,"Meus irmãos e minhas irmãs, nós chegamos já ao quinto domingo da Quaresma, e como já foi dito, estamos às portas da Semana Santa. Domingo que vem, já celebraremos o Domingo da Paixão, ou chamado Domingo de Ramos. E no outro domingo, após o Tri do Pascal, chegaremos ao Domingo da Páscoa, que é o",0.0
7mkQabPg2Jc.mp3,e eu apoio o padre julio lancelote angelina do coletivo resistência de minas gerais repudir,0.0
ooa5VcdC-2I.mp3,"Olá, eu me chamo Lorena, tenho 25 anos, sou terapeuta ocupacional, atualmente resido na cidade de Curitiba, mas nasci, cresci, permaneci na cidade de São Paulo até os 17 anos. Bom, eu conheço o Padre Júlio desde que eu estava na barriga da minha mãe, o Padre Júlio casou os meus pais, fez o batizado meu e dos meus irmãos, Primeira Comunhão, Crisma, a gente passou por todas as",0.0
e8h2iuJL_mY.mp3,"Olá, eu sou Mônica Martelli, eu sou atriz, eu conheço o trabalho do Padre Júlio Lancelotti querer calar a voz de um homem que sempre esteve do lado dos mais aflitos, querer calar a voz de um homem que sempre esteve do lado dos pobres, é a parofobia, é a aversão ao pobre. Eu estou com o Padre Júlio Lancelotti.",0.0
7F4M0jLrvWw.mp3,"Olá, Padre Júlio, bom dia. Meu nome é Maria Parecida Damaceno, sou de São José do Rio Preto, interior do estado de São Paulo, atuo na Comissão Justiça e Paz da Diocese e eu vim aqui prestar a minha solidariedade ao Senhor. Eu amo o Senhor de paixão. Aquilo que o Senhor diz na missa, força e coragem, pra mim serviu muito quando eu tive meu C.A. de mama. Eu sempre acreditei nisso,",0.0
wvXy7_Cr_gk.mp3,"Bom dia, eu estou aqui para fazer um depoimento em favor do Padre Júlio. Conheço o Padre Júlio há mais de 30 anos, trabalhei com ele na Capela San Miguel e não tem nada que desabone a sua atitude, o seu modo de viver e o tratamento das pessoas. Ele é uma ótima pessoa e não merece tudo que está passando, mas Deus é Pai e tudo vai passar. Com certeza o Padre Júlio vai passar por esse momento.",0.0
b1pgbM8Nov0.mp3,"Meu nome é Zenete, sou membro da comunidade aluncial São Miguel Arcancha, estou com o Parijusu há mais de 40 anos, conheço as suas lutas, conheço seu dia a dia, todos os desafios que ele encontrou durante todo esse tempo, sou testemunha das suas obras, tudo que ele",0.0
qq1SVJ5SwqQ.mp3,"Eu estava aqui fazendo umas contas e eu conheço o Padre Júlio Lancelotti há mais de 30 anos, desde o início de um trabalho incrível que ele fez, que foi a Casa Vida, uma casa muito bem montada, muito organizadinha, com comida gostosa, com cama quentinha, para bebês,",0.0
qvAKz-guVm4.mp3,"Olá, eu sou a professora Paula Faria, vereadora de Jabod Cabal, e hoje, nessa manhã de domingo, foi uma grande honra poder entregar o título de Honra ao Mérito ao Padre Júlio do Lancelote, poder fortalecê-lo, dar uma força nessa luta que é uma luta tão honrosa, uma luta que a própria igreja precisa recuperar de um olhar mais cuidadoso aos mais pobres.",0.0
Oyh8dWBaxH8.mp3,"Romero Venâncio, pertencente ao núcleo Política e Religião no WhatsApp, professor da Universidade Federal do Sergipe, residente na cidade de Aracaju. Venho nessa hora difícil empenhar minha total solidariedade ao padre Júlio Lancelotti e empenhar meu apoio ao seu trabalho junto aos pobres em situação de rua.",0.0
tjtlpi0Md6I.mp3,"A igreja celebra hoje a festa da epifania do Senhor, a manifestação de Deus como nosso salvador, como o Senhor da nossa vida. Celebrar a epifania do Senhor é escutarmos a convocação que nos vem de Belém",0.0
A33NHEOdD3E.mp3,"Bom dia, eu sou a Lucimara, sou voluntária e trabalho com o Padre Júlio. Com esse serviço tão bonito que é compartilhar o pão todos os dias de manhã aqui na casa da irmã Dulce.",0.0
JBeWkgKV1lQ.mp3,"Meu nome é Joca, faço parte da direção do MST e hoje estou responsável junto com uma grande equipe, mas que não estão aqui, pelo sacolão, irmão Pedro de Bittencu, como diz aqui o padre Júlio. O sacolão, o objetivo dele foi criado para a gente vender os produtos mais em conta, inclusive, do que o próprio mercado, que nós estamos chamando de sacolão popular, onde nós podemos ter o produto direto da roça, vindo dos camponeses, da reforma agrária,",0.6
14LhGj_FhbY.mp3,"Nós queremos que haja demarcação das terras indígenas, que os povos indígenas vivam, que os povos indígenas sejam respeitados na sua dignidade, nos seus direitos. Eles são os mais antigos moradores do nosso país.",0.0
VlW-hmMfvc4.mp3,"Olá, meu nome é Afonso, eu sou catequista na paróquia Nossa Senhora Aparecida aqui no Jardim Miria de Oceza e de Santo Amaro e sou catequista há mais de 40 anos e uma vez uma freira me disse a seguinte frase árvore que não dá fruto não leva pedrada essa frase eu guardei pro resto da minha vida",0.0
gycsJQKxDg4.mp3,"Lindas palavras, sobre a palavra, Doces cantares, poesia em flor, Telas brilhantes, artes, abraços, Pão partilhado na luz do amor. Como dizer-te, ó indizível, Verbo divino, terno e feliz,",0.0
knKExxXbHxE.mp3,"Olá, eu sou o Pablo Mack, fotógrafo responsável pela ação fotográfica Retratos de Luz, que é dedicada às ações e aos trabalhos do Padre Júlio Lancelotti. E talvez como muitos de vocês, o nome Padre Júlio Lancelotti tenha surgido através de notícias tendenciosas, notícias ruins, muitas vezes notícias cruéis, mas sempre me questionei como que alguém",-0.15
Ep1xULHIVhQ.mp3,you,0.0
kTvRt_UrOJY.mp3,"Vivendo esse dia da palavra de Deus, nós nos disponibilizamos a ouvir o que Deus quer falar para nós. Nós cantamos no Salmo, Mostrai-me ao Senhor vossos caminhos. E Paulo, na carta aos Coríntios, nos chama ao discernimento. Ele diz, o tempo está abreviado para discernir.",0.0
na6gVUM9-Iw.mp3,"Sou Cristiane Calvo, psicóloga do Tribunal de Justiça, moro em Ibadiba City, trabalho em São José do Rio Preto e quero declarar todo o meu apoio ao padre Júlio Lancelotti, que arduamente trabalha em prol dos mais vulneráveis, dos mais excluídos, mesmo sofrendo tantas retaliações e continua firme. Meu apoio, minha admiração. Força, padre! Força e coragem. Obrigada.",0.0
NpauFa-MLX4.mp3,"Olá, bom dia. Eu vim aqui para dizer que eu simplesmente amo o Padre Júlio Lanselotti, aquele que eu costumo dizer que é o nosso santo vivo. Padre Júlio incomoda. Quem dera tivéssemos",0.0
hPcNe4CiE0Q.mp3,"Eu sou Eduardo Moreira e queria registrar o meu apoio incondicional a essa figura importantíssima que a gente tem na luta pelo direito dos excluídos, dos oprimidos, dos esquecidos e abandonados pelas ruas de todo o país, que se chama Padre Júlio Lancelote. Ele segue sendo alvo de uma campanha covarde e que tem objetivos políticos, mesquinhos",0.0
wQWlIqxlpfE.mp3,"Eu sou Juca Kifuri, sou jornalista, vivo em São Paulo, conheço o padre Júlio Lancelotti há muitos anos e não tenho a menor dúvida em dizer que o padre Júlio Lancelotti é o melhor representante de Dom Paulo Evaristo Arnes, o grande cardeal de São Paulo na Terra. A menor dúvida. E se eu tivesse",0.0
Zt7OhjSzv2E.mp3,"Olá, eu sou deputado estadual Carlos Janaz do PSOL e quero manifestar o nosso total apoio à luta do Padre Júlio, que defende os excluídos, os de baixo, que defende os pobres. Mas não só isso, ele defende sobretudo o fim das desigualdades sociais e econômicas que estão produzindo a pobreza e a miséria social. Por isso que ele é tão atacado.",0.016666666666666666
DpGB83knmKs.mp3,"Meu nome é Regina, sou professora aposentada. Desde pequena participo de comunidades nas igrejas próximas onde eu morava, comunidade de jovens, vicentinos. Conheço o Paz de Julho há mais de 20 anos. Colecionar em escolas religiosas, acompanhava suas ações como na Fê Bem,",0.0
DritnUMUtys.mp3,"O padre Júlio Lancelotti não é só um padre, é um padre que não é um padre também que faça caridade. Não, o padre Júlio Lancelotti é um padre que pensa políticas públicas para as pessoas menos favorecidas. Eu amo o padre Júlio Lancelotti não só como padre, porque ele pensa também a",0.0
oxJIRykHA2Y.mp3,"Boa noite, querido Paz de Julho, meu nome é Rosana, moro em Brasília, conheci mais de perto o seu trabalho, a sua palavra, quando na pandemia passei a assistir as missas na capela que era ministrada na capela de São Miguel Arcanjo, em São Paulo. Recebo o meu abraço, a minha colhida, o meu",0.0
aiUETi_3B94.mp3,"Padre Júlio, aqui quem fala é José Ivan, eu sou de uma cidadezinha pequena no interior de Minas, no sul de Minas, mas moro em Belo Horizonte já há algum tempo. Eu queria manifestar todo o meu respeito e toda a minha solidariedade ao senhor e dizer que eu o tenho como um exemplo de vida, viu? Que tudo o bem que eu faço eu lembro do senhor e o senhor é um exemplo pra mim, viu?",0.0
wCcyukZfbmI.mp3,"Queria lembrar que nessa próxima sexta-feira teremos a Via Sacra às 20 horas na casa Santo Edith Stein. Quem ainda não conhece a casa Santo Edith Stein fica na rua Sapucaia 407. É que é tanto número de tantas casas que eu me confundo um pouco. Então, na rua Sapucaia 407, a casa Santo Edith Stein.",0.0
KCpCzGkFJwA.mp3,"Esse grafite aqui é do padre Júlio Lancelotti. Pade Júlio que eu conheci há mais de 30 anos em São Paulo, já preocupado com a causa dos oprimidos, daqueles que são os mais próximos de Jesus, está no Evangelho do São Mateus, estive preso e foste me visitar, estive nu e me vestiste, tive fome, me deste de comer, tive sede, me deste de beber.",0.0
Xi7n5fMV3zM.mp3,"Eu acompanhei quando a Beatriz estava sendo gestada, quando ela nasceu, ela foi o menino Jesus numa noite de Natal, na nossa paróquia, eu a batizei, ela fez a primeira comunhão, e depois eu fiz o casamento dela. Então, isso é a vida na comunidade, de estar junto, de estar unido. Então, queria te dar essa flor agradecendo a tua presença. Eu quero agradecer, padre.",0.0
fOWEZCgROa0.mp3,you,0.0
2qLotwAo8y0.mp3,"Há um mecanismo retórico que aciona os preconceitos das pessoas. Eu sou advogado, vivo o meu dia a dia com isso. Se você quer acusar um político de alguma coisa degradante, acusa ele de corrupção. Isso é verdade ou não? Se você quer acusar um padre de alguma coisa degradante, acusa ele de pedofilia. Cola. Mas esse caso não tem nenhum sentido. Primeiro porque vocês fizeram um trabalho excelente",0.0
QgII1Z_UQXk.mp3,"A palavra de Deus que nós ouvimos hoje e fazendo uma pequena reflexão bastante sintetizada de tudo o que podemos refletir, porque os textos são muito densos, muito fortes, aquilo que foi repetido hoje em vários lugares e agora de manhã eu vi a fala do cardeal da",0.0
N3QkNuyPeLs.mp3,"Sou o pastor Elial Batista e somos da Frente Entre Religiosa, Dom Paulo e varisto Arnes por Justiça e Paz. Então, em função da justiça e da paz, nós estamos aqui em apoio ao Padre Júlio. E, Padre Júlio, quando Jesus esteve no",0.0
IxQMdBHTpII.mp3,"Sem dúvida alguma é um privilégio poder partilhar parte da minha caminhada com o par de julgão na cidade. Alguém que mostra pra gente na prática a cada dia o que é resiliência, o que é humildade, o que é doação, o que é caridade. Eu me emociono de falar porque eu tenho",0.0
GcbPTbyFkZU.mp3,"Em nome de Deus, o clemente misericordioso, eu sou o Sheikh Rodrigo Jalou, líder religioso do centro islâmico da Penha. E hoje eu venho aqui para falar um pouco sobre a figura do padre Júlio Lancelotti. O que eu posso falar sobre o padre Júlio? Teria muita história para contar, na verdade, né? Mas eu posso falar que nesses anos de convivência eu nunca fiquei católico e o padre nunca ficou",0.0
8HSe6ZyC93I.mp3,"Esse canto que, como eu lembrei, nós cantávamos na penitenciária junto com as mulheres presas, feridas, torturadas, maltratadas, esquecidas, vilipendiadas, ofendidas, machucadas. O Dr. Luiz Eduardo, um dia, me acompanhou lá na penitenciária feminina e numa reunião",0.0
KowLAUmdnXY.mp3,"Olá pessoal, meu nome é Eduardo Bertasa, sou contador e com muito orgulho pertenço há muitos anos a comunidade de São Miguel Arcanjo, cujo parco é nosso querido Padre Júlio. É difícil pra mim falar do Padre Júlio sem me emocionar. Muito se sabe dele sobre seu convívio com moradores de rua, com os desprezados, enfim,",0.0
A3_o5GfX1l0.mp3,"Sábado que vem, dia 20, nós reiniciamos o curso bíblico sobre o Evangelho de São Marcos, que é o Evangelho deste ano, e será no sábado às 15 horas na Casa Santo Edith Stein, na Rua Sapucaia 407. Então, sábado às 15 horas.",0.0
SHXiJXhVPtg.mp3,"Olá a todos e a todas. Meu nome é Guilherme. Eu participo da Paróquia São Miguel Arcanjo há um pequeno tempo, mas que tem uma importância muito grande na minha vida. Eu conheci o Padre Júlio Lancelotti através do coordenador da minha escola, o Elisnei, que faz parte da banda, da missa, e eu também, graças a Deus, consegui fazer parte. Padre Júlio, o senhor tem uma importância enorme na",0.0
05-GMa_pxdU.mp3,"Oi, Padre Júlio. Eu sou a Cláudia, advogada, moro em Postos de Caldas, em Minas. Apareço aí de vez em quando. Eu não vim falar do trabalho santo que o Senhor desenvolve com",0.0
AN-y63Mmxt8.mp3,"Eu venho de um estado, meu estado é Santa Catarina. Eu não preciso explicar para vocês que aquilo ali é lindo, é muito belo, é uma maravilha, mas a gente sofre muito lá, muito, contra aqueles que pregam o ódio, a violência, a discriminação. Nós temos, é o estado que tem o maior número de células",0.0
sIAtZAwRW9M.mp3,you,0.0
e-_Y2Eyzvcc.mp3,"Primeiro, eu queria lembrar que na semana santa, essa semana que começa hoje, quarta-feira santa, às 20 horas, nós temos o terço dos homens na Igreja São Miguel, aberto a todos e também com atendimento de confissão. Na quinta-feira santa, a missa da ceia do Senhor, às 20 horas, a missa da ceia do Senhor.",0.0
kM-hUnUXrns.mp3,"Padre Júlio, nós não podíamos ter escolhido dia melhor para fazer o que vamos fazer aqui. Domingo de Ramos, 44 anos do brutal assassinato do nosso santo Romero. Oscar Romero. E também é Dia Internacional da ONU pela questão da verdade, da justiça dos mortos e desaparecidos.",-0.875
wA6COO36sI4.mp3,"Bom dia, meu nome é Ricardo, sou aqui de Pirascaba, diretor de São Paulo, e em nome da minha família, da minha esposa Regiane, dos meus filhos Ana Clara e Lucas Francisco, estou aqui para gravar um vídeo em solidariedade ao Padre Júlio Lancelotti, um grande amigo, irmão, que vem sofrendo ataques cruéis nos últimos tempos. Nós conhecemos o trabalho do Padre Júlio em meados de 2020,",0.0
VSHZYecmSXA.mp3,"Querido padre Júlio, eu acompanho seu trabalho aqui de Brasília já há algum tempo e respeito muito e sou muito, muito, muito grata pelo que o senhor faz pelos mais necessitados.",0.0
li7UZ1e7dmY.mp3,"Boa noite, voltando do trabalho, do horário do trabalho notando, narrei o curto-feira de educação, depois de dar aulas para o ensino médio, me dá a minha parcela de testemunhos sobre o trabalho e a experiência de contato com o padre Júlio Losselotti. Padre Júlio, homem de fé, profeta do Novo Testamento, do amor de Jesus Cristo,",0.0
yIbUn2235hk.mp3,you,0.0
fy_i4ndMUPM.mp3,"Olá amigos, eu sou o Falcão e sou daqueles que acham que nós que defendemos a paz, o amor, a cristandade, a irmandade, a fraternidade, o amor em si, temos que defender o Pado Julio. Não tem como, o Pado Julio é nosso porta-voz, é o que tem coragem de estar a frente, lutando contra o poderoso,",0.0
TZ73u6ti07s.mp3,"Meu nome é Danilo, tenho 51 anos, sou casado, pai de duas filhas, sou paroqueno na igreja São Miguel Arcanjo há mais de 20 anos. Conheço o padre Júlio Lancelotti nesse mesmo período, desde que ele era colunista do antigo Jornal Diário Popular.",0.6
cf2rOLGVfH8.mp3,"Meu nome é Vilma da Mota, estou aqui para dar todo o apoio a Padre Júlio Lancelotti. É uma pessoa íntegra, lutadora, ao lado do povo mais excluído dessa sociedade. Nada pode atingir Padre Júlio Lancelotti nesse mundo.",0.0
XFgEczO3U3A.mp3,"Padre Júlio, eu quero imensamente agradecer pelo que você faz nesse mundo, pelo que você faz para o mundo melhor, que é o meu sonho também, de uma maneira tão linda, maravilhosa e que às vezes é pouco reconhecida. Mas continue assim, fazendo o que você faz. Muitas pessoas admiram",0.0
c45CorHsbcg.mp3,"Oi eu sou Lissedor de Carvalho, autor da biografia autorizada do Padre Júlio Lancelotti, Mãos de Deus, e me deu essa honra pois nós nos conhecemos há muito tempo, desde que eu tenho, sei lá, desde a barriga da minha mãe. Então eu acompanhei os 75 anos da vida dele e conto nesse livro desde o nascimento até ele completar 75 anos em dezembro do ano passado,",0.0
Ksv31j4Z2lc.mp3,"Olá, eu sou o jornalista Rosalvo Logueira, aqui de Sergipe, tenho 45 anos de profissão, sou membro profecio da ordem franciscana secular e conheço o padre Júlio há um bom tempo. Eu fui comunicador voluntário da pastoral da criança e fomos convidados naquela época pelo cardeal e alcebíspo de São Paulo, D. Paulo Ibrais Tuareis. Ele convidou a pastoral",0.0
RLst85xhvMg.mp3,"Então, esse é o projeto das esgolpistas. Aquele que está no Estado é o melhor de um povo. Bom, falar do Padre Júlio é falar da cidade de São Paulo. Falar do Padre Júlio é falar de uma cidade que pode ser humana. Falar do Padre Júlio é falar que é possível haver amor em São Paulo.",0.0
YJzBbgR3AW8.mp3,"É muito importante o apoio que a sociedade civil, os organizadores de todo o Brasil, os movimentos sociais, os representantes mais importantes do jornalismo, dos artistas, dos parlamentares, todos estão solidários ao Pai Júlio, que através do seu trabalho",0.0
3gB18SImBOM.mp3,"essa CPI que alguns vereadores queriam colocar, e especialmente um vereador disse, o padre Júlio virá aqui, ele nem me chama de padre, ele fala, o Lancelotti virá aqui, nem que seja o gemado amarrado, nós vamos arrastá-lo aqui para a Câmara. E de uma maneira muito violenta, muito cruel e desrespeitosa,",-1.0
gL6G6wsRFU4.mp3,"Padre Júlio é um ícone da resistência à opressão, ao ódio, à intolerância, à aporofobia, e por isso ele é tão perseguido. Nós estamos do lado de Padre Júlio, eles passarão. Padre Júlio passaria. Essa resistência é muito importante, ele virou uma referência nacional de luta contra",0.0
XxSngizMCD8.mp3,"Olá, eu sou Letícia Sarturi, sou cientista e comunicadora de ciência e vim falar do Padre Júlio. Eu sou paroqueana do Padre Júlio, a minha família frequenta a paróquia do Padre Júlio, a paróquia São Miguel Arcanjo, apesar da gente não morar na Moca, mas eu moro em São Paulo. E a partir da convivência com o Padre Júlio, seja nas massas aos domingos ou então em outras ocasiões, como",0.0
Vq7AP4TUcwA.mp3,"O lugar é tornar-se um perigo, viemos pra incomodar Com a fé e a união, nossos passos um dia vão chegar",0.0
VgtXWtmlSIM.mp3,"Olá pessoal, meu nome é Américo Machado, eu sou do Núcleo de Vivências e Lutas Democráticas de Casa Forte, Recife, Pernambuco, e venho aqui defender com todas as minhas forças o Pabes Julio Lancelote.",0.0
zLTyisv_CXk.mp3,"Olá, padre Julio, eu sou o Newton, auxiliar de enfermagem do constrói na rua. E lembro-me muito bem da época da pandemia, onde tantas vidas foram ceifadas e o senhor realizou um lindo trabalho aí na sua paróquia e eu pude presenciar isso. Quero aqui declarar o meu apoio ao padre Julio Lancelotti. Meu nome é Vanessa, auxiliar de enfermagem e estou aqui para apoiar seu padre Julio Lancelotti.",0.0
n7D1rhWS3BY.mp3,"Olá, meu nome é Tereza, eu estou nas redes sociais como arroba norma castellani para quem quiser ver quem eu sou. Eu estou aqui para gravar esse vídeo porque eu quero honrar meu compromisso com Jesus. Meu compromisso de saber que eu aprendi com o",0.0
q1dcx3u6eb4.mp3,"Olá, me chamo Rafael Mendes, eu sou fotógrafo aqui de São Paulo e estou passando por aqui para deixar todo o meu apoio a essa pessoa incrível chamada Padre Júlio Lancelotti. Padre, eu sei que não deve ser fácil acordar todos os dias de manhã e tomar uma nova porrada, mas eu sei que o Senhor jamais vai desistir e pode contar sempre comigo, sempre para o que precisar, tem todo o meu apoio, meu carinho e meu afeto.",0.0
WnkAYZSgnjs.mp3,É por causa do meu povo machucado Que acredito em religião libertadora,0.0
x04Y17Gg5vs.mp3,"Eu conheço o Padre Júlio já há quase 20 anos. Eu conheci ele quando eu estava na faculdade. Eu fui fazer meu TCC, que era sobre a população de rua na cidade de São Paulo. E, óbvio, que seria com ele em uma das principais entrevistas. Não conhecia pessoalmente, mas o Júlio é uma daquelas pessoas que a gente acha que sempre existiu,",0.0
3G0JISi-cAo.mp3,you,0.0
7m5w91RLXzk.mp3,"Olá a todos, eu sou Carlos Manberte e venho aqui deixar o meu apoio ao padre Júlio Lancelotti, que está sendo injustamente perseguido. Já vimos isso acontecer em outros países há décadas atrás, mas somos mais, somos mais fortes e isso vai acabar. Padre Júlio Lancelotti é um homem que faz tanto",0.0
XY_-mJOOL_c.mp3,"Bom dia a todos, me chamo Dário Macedo Oliveira, sou da cidade de Niterói, Rio de Janeiro, e gostaria de prestar uma homenagem ao padre Júlio Lancelotti. Padre Júlio para mim é uma pessoa, é um homem de Deus, verdadeiramente. Uma pessoa com a idade dele, com todas as deficiências, mas ele nunca abandona quem precisa.",0.0
1nVz9aP18SI.mp3,"Nós da Pastoral do Pouco em Situação de Rua, irmã Dúcio dos Pobres de São José Dúlio Preto, admiramos você, Guarujo. Força e coragem!",0.0
o7smIeHdeo0.mp3,you,0.0
I1qgE23sx3U.mp3,"Padre Júlio, sou Regina Furlaneto de Bauru. Queria deixar o meu abraço fraterno de apoio à sua pessoa, cujo trabalho em favor dos vulneráveis há muitos anos acompanho. Muito obrigada pela sua existência, que nos faz ainda acreditar na bondade humana. Um abraço fraterno ao Senhor.",0.0
fgrtxMhOWYI.mp3,"Olá, eu sou Luciana Felix, eu sou jornalista, eu sou editora, eu sou sócia da Matrioska Editora. Eu vim aqui para falar sobre o quadro Júlio Lancelotti, a quem ela ainda nutria uma grande admiração desde sempre, desde quando eu conheci ainda na adolescência e depois durante a faculdade de jornalismo. Há três anos eu tive a honra e o prazer de publicar também um de seus livros, o título",0.0
hbe0hvB72mM.mp3,"Seja este o tempo propício Para abrir-nos, enfim, ao amor Misericórdia becamos, Senhor Sem o ovo em mão enxergar Mas queremos vencer os conflitos Pela cultura do encontro lutar",0.0
sQ4yKvfuidQ.mp3,"Meu nome é Luciane Tonieta, eu sou professora e livre docente do Departamento de Psicologia da Educação da Faculdade de Ciências e Letras da Unesp de Araraquara. Sou professora do programa de pós-graduação e educação nessa mesma universidade. Sou líder do JEPEN, o grupo de estudos e pesquisas em educação moral que reúne pesquisadores da Unesp e da Unicamp. Estou aqui",0.0
JY03ECGbtF0.mp3,"Em todos os domingos da Quaresma, a 5 da tarde, aqui na comunidade, nós temos a reflexão sobre a campanha da fraternidade. Então, hoje, a 5 da tarde, quem já veio à missa em outro horário, até 17h45, a reflexão sobre a campanha da fraternidade. E no próximo sábado, nós iniciamos lá na casa Sant'Editstein, que é aqui nesta rua,",0.0
w4A33f-zgI4.mp3,"No santuário pra te louvar Senhor, eu quero entrar No santuário pra te louvar Roda-me mãos limpas E um coração puro",0.0
-crYrmEAxco.mp3,The the the the the the the the the,0.0
hE1S9zazhXk.mp3,"Boa noite, meu nome é Cláudia Biral, estou aqui para fazer um breve depoimento sobre o padre Júlio. Conheço ele há mais ou menos 34 anos, desde que comecei a namorar meu marido em 1989, participei de algumas missas e quando decidimos nos casar, fomos até a São Miguel, onde ele nos recebeu muito bem com esse carisma que ele tem. E é assim, uma pessoa idônea, uma pessoa",0.0
KitFJrVwfdE.mp3,"Meu nome é Marta Castro, moro em Recife e venho desde muito nova acompanhando toda a luta da igreja em favor dos povos e em defesa dos direitos humanos. E acho que o senhor representa tudo de bom",0.0
7QsN3M9uSak.mp3,"Hoje é dia 8 de março, dia internacional da mulher. Estou gravando esse vídeo em solidariedade a uma pessoa que pra mim é da maior importância. Chama-se Padre Júlio Lancelotti.",0.0
ZWfewCneCRI.mp3,"Diga para nós, que livro é esse, o que você conta nesse livro e por que ele é tão importante para a história e para a memória do povo brasileiro. Padre, obrigado pelo convite, pela acolhida. Esse livro está sendo lançado quinta-feira desta semana, então está em primeira mão, estou trazendo aqui. Ele é uma biografia do Alexandre Vanucleme.",0.0
zLvb-L1dQIs.mp3,"Então, que todos sejam bem-vindos, os que estão aqui na Casa Santa Edite, que é um",0.0
ymwtimqADbM.mp3,"A gente vem acompanhando pela imprensa, pela mídia, muita coisa negativa sobre o Padre Júlio. Muita coisa, de todos os lados. E a gente, aqui da comunidade, a gente vem fazer um pedido pra gente contra-atacar, contra-atacar de uma maneira boa, não",0.0
uqfoCGxa4eQ.mp3,you,0.0
GU-t5aYHOWk.mp3,"Vivemos hoje o quarto domingo da Quaresma, já vamos pela metade desse tempo quaresmal que nos conduz para a Páscoa. É sempre importante repetir que a Quaresma só tem sentido, porque é um caminho que nos leva para a Páscoa.",0.0
q_FaTY7giQ8.mp3,"Protejam o padre Júlio Lancelotti. Olá, meu nome é Victor Ângelo, eu sou fotógrafo e acompanho o dia a dia do padre Júlio há 4 anos. E tudo que eu já vi e fotografei até hoje sobre o padre Júlio é a mais pura demonstração de solidariedade, de afeto, de gentileza, de humanidade. Todos os dias ele convive com os excluídos, os oprimidos, os perseguidos, aqueles que muitas vezes são ditos como os invisíveis.",0.0
cv6GkGJoimA.mp3,"Eu sou Tadeu de Pietro, ator, diretor e promotor cultural. Quero dizer pra vocês que há mais de 20 anos eu acompanho a luta e a vida do padre Júlio Lancelotti e apoio exatamente as suas ações para os mais pobres, para os desfavorecidos. E a sua palavra sempre incomodou os poderosos, esses mesmos que estão aí o acusando de uma série de ignomínias. Padre Júlio é um cristão.",0.1
6VpUBS5Dz1s.mp3,Vem cantar comigo esta canção do amanhã Vamos na esquina deixar encartar Seja bem-vinda à paz Vamos pela rua em passeata popular,0.6
kETh3WF-pKI.mp3,"Meus irmãos e minhas irmãs, estamos vivenciando hoje o primeiro domingo do tempo da Quaresma, a Quaresma que iniciou na quarta-feira de cinzas, trazendo para todos nós o convite que é repetido hoje no Evangelho. Convertei-vos e crede no Evangelho.",0.0
nVWpWoTKWMY.mp3,"Padre Júlio Lancelotti, força e coragem, estamos juntos. Sueli Pereira, Comissão Justiça e Paz, de Ossés e Rio Preto.",0.0
3NhxMkjkEg8.mp3,you,0.0
AVzI9bAoioo.mp3,"Eu sou a vereadora Ana Lúcia, falo aqui de Maringá, no Paraná, cidade onde Padre Júlio Lancelotti é cidadão honorário. Maringá já abraçou o senhor, Padre Júlio, e nós estamos abraçando novamente, dizendo que o senhor tem todo o nosso apoio e que estamos aqui na torcida para que esse seu caminho seja mais leve.",0.0
bYevPGKzZtY.mp3,"Eu sou Ana Martins, ex-velhador e ex-deputada do PC do B. Sempre acompanho o trabalho do padre Júlio Lancelotti. Ele é um grande profeta do povo de Deus, ele é o grande profeta que faz o trabalho com os pobres, os detrimidos, os explorados, e nós não podemos deixar que aconteça tantas injustiças que estão cometendo contra ele. Por isso, vamos nos unir para defender",0.0
3WndYhDUC00.mp3,.,0.0
B_qFIN7v65A.mp3,"Bom dia, eu sou Ana Lisa, eu estou falando de Petrópolis e conheço nosso querido padre Júlio há mais de 20 anos. Ele que nos casou, ele que batizou nossos filhos. Eu conheci",0.0
rXp9FMJXzc8.mp3,"Oi, pessoal, tudo bem? Meu nome é Fábio Diamante, eu sou jornalista, trabalho como repórter há 28 anos e eu tô vindo aqui porque eu queria falar um pouquinho sobre o padre Júlio Lancelotti. Eu tive a oportunidade de conhecer o padre na década de 90, 1996, que eu fui fazer uma matéria sobre a",0.0
-XSDxPP0EpY.mp3,Agradeço profundamente a presença de todos e todas nesta celebração. O carinho de todos e todas é muito forte e toca profundamente. Agradeço todos e todas que nos acompanham pelas redes sociais.,0.0
Pyvy5_phArk.mp3,"Sou Irmã Bárbara Pataro-Bucker, Mercedes Arena Caridade, residente em Niterói, Rio de Janeiro. Gostaria de apresentar a minha defesa em favor do padre Júlio Lancelotti. Ele é um profeta,",0.0
paSs9MJck-g.mp3,"Como já dissemos num outro domingo, cantar aleluia com essa força e vitalidade nesta cidade e nesse tempo é um grito de resistência, é um grito de quem resiste a todo tipo de massacre",0.0
Aq1xfFFQB58.mp3,"É preciso falar sobre essa crescente hostilidade, desumanidade contemporânea. Meu nome é Maria Lúcia, tenho 57 anos, casada, mãe de dois filhos, professora e participo, pertenço à comunidade, a paróquia São Miguel Arcângelo. Vale lembrar que essa comunidade tem uma história familiar. Anteriormente, essa paróquia foi construída na rua Braulio Gomes, pelo meu bisavô Miguel Aliano,",0.375
1hdFhz6Wqzo.mp3,"Nós admiramos, respeitamos e apoiamos Padre Júlio Lancelotti e seu trabalho. Ele é o verdadeiro discípulo de Jesus Cristo entre nós. As mesmas forças que atacam e agridem Padre Júlio Lancelotti são aquelas que agrediram e crucificaram Jesus Cristo.",0.0
5XUEtsV0veI.mp3,"Olá, meu nome é Yállion Rebeca, eu sou moradora de Minterói, aqui no Rio de Janeiro. É com grande orgulho que eu participo dessa sengela homenagem ao nosso querido Padre Júlio Mancelotti. Falar do Padre Júlio para mim é uma coisa muito emocionante. Eu cresci em berços religiosos e eu sempre senti um vazio muito grande nesses tempos.",0.0
CxCyYsnLrR8.mp3,"Nós estamos vivendo o quinto domingo do tempo comum, onde nós vamos olhando para Jesus para melhor conhecê-lo e segui-lo. E nós conhecemos Jesus seguindo-o, e o seguimos conhecendo-o. Uma coisa não é separada da outra. Não dá para dizer, primeiro eu vou conhecer, para depois seguir.",0.0
duWjor_pDY0.mp3,"Meu nome é Liara, eu sou de Certãozinho, São Paulo. Eu estou gravando esse vídeo para prestar todo o meu apoio e solidariedade ao Padre Júlio Lancelotti, que é um homem que ele realmente prega o que Deus nos ensinou, né? Que é amar o próximo sem olhar a quem, dar nosso amor, nossa ajuda às pessoas que precisam. Padre Júlio, eu amo o senhor, amo sua vida e sou muito grata por tudo que você",0.0
JSJME1v5JlI.mp3,"Nós da comunidade São Miguel Arcângelo queremos manifestar nosso carinho e solidariedade ao Padre Júlio Lancelote que está aqui ao meu lado, para nós em motivo de orgulho e alegria ter o Senhor como nosso pároco. Alguns aqui convivem com o Padre Júlio há quase 40 anos, eu mais de 30.",0.0
G-0QkL6jjhI.mp3,"Gente, estamos aqui dando apoio para o Padre Julio Lancelotti pelo que ele representa para o povo de São Paulo, pelo bem que ele faz, pela pessoa fantástica que ele é. Força Padre Julio! Marcia Tabacón.",0.0
Eth3Lgecuw8.mp3,"O Padre Júlio é um exemplo a ser seguido. Uma pessoa que, pelo seu trabalho humanitário, deveria estar sendo enaltecido e não perseguido por aqueles que odeiam a vida, odeiam as pessoas, não têm empatia, não têm qualquer sentimento cristão. Padre Júlio, nos representa.",0.0
WfuN1Il0a5o.mp3,"Sou Irmã Rosane Lundin, coordenadora geral da Congregação das Irmãzinhas da Imaculada Conceição. Hoje estamos aqui no espaço de vida e missão do Padre Júlio Lancelote, para como irmãzinhas dizer que apoiamos firmemente a sua proposta de vida e o cuidado das pessoas. Como irmãzinhas da Imaculada Conceição dizemos, somos todas Padre Júlio.",0.0
kIN0Mluuy3A.mp3,"Eu queria dizer que o Padre Júlio me representa. Padre Júlio tem um trabalho do verdadeiro cristão. Eu tenho muita admiração pelo trabalho dele. Eu tenho muito respeito por ele. Ninguém solta a mão do Padre Júlio. Eu sou Cidinha Longo, de São José do Rio Preto.",0.0
SQ0-AZI_mtI.mp3,"Querido padre Júlio Lancelotti, eu moro aqui em Curitiba, meu nome é Messi Ria e eu quero deixar aqui a minha mensagem de gratidão, de admiração pelo seu trabalho, pela sua dignidade e pela sua bondade.",0.0
9l1aC10CBTo.mp3,"Nós estamos hoje celebrando o segundo domingo da Páscoa. E na primeira leitura de hoje, Lucas nos apresenta o rosto e o coração da comunidade cristã de Jerusalém,",0.0
ckAUyO88OYs.mp3,"Tudo bem? Meu nome é Guilherme Dodorowski, eu sou professor universitário e eu gostaria de deixar uma mensagem de carinho ao padre. Eu conheci os trabalhos do padre, o padre, em 2021, no maldito da pandemia. Fiquei muito impressionado naquele momento, porque era um momento de pandemia e que o mundo estava parado, a cidade de São Paulo recolhida, mas o padre estava nas ruas ajudando os irmãos necessitados.",0.0
nCnIm2nhNmM.mp3,"Sábado que vem, às 15 horas, temos mais uma vez a reflexão bíblica sobre o julgamento, a condenação, a paixão, morte e ressurreição do Senhor na Casa Santa Edith Stein, na Rua Sapucaia 407.",0.0
TZ6rtHmFAZo.mp3,"Porque ao mesmo ser que amamos Senhor, tu me olhaste nos olhos A sorrir, pronunciaste meu nome",0.0
ckf82q5-Eqc.mp3,"No segundo domingo do tempo da Quaresma, nós lemos esse episódio da transfiguração de Jesus, seja narrado por Mateus, por Lucas e, neste ano, por Marcos. E é um texto cheio de informações, cheio de significados para nós, que querem nos fortalecer e nos amparar no caminho da vida.",0.0
DmddE-SNMkI.mp3,"Olá, eu sou o padre Kélder Brandão, vigar episcopal para ação social, política e ecumênica da Arquidiocese de Vitória do Espírito Santo. Estou aqui para prestar nosso apoio e solidariedade incondicional ao padre Júlio Lancelotti, também vigar episcopal da Arquidiocese de São Paulo.",0.03333333333333333
rg5DB2W2uLY.mp3,"Nós hoje retomamos o tempo comum, e o tempo comum é um tempo na liturgia para nós olharmos para Jesus e seguirmos Jesus, conhecê-lo. O Papa falou agora pouco em Roma de que Jesus não precisa de seguidores nem, como é que chama, de like. Não adianta fazer like para Jesus.",0.0
uBGYWyNdCL8.mp3,"Eu participei, tive a graça e a honra de participar da canonização de São Tito, Tito Brandesma. E junto também houve a canonização de Charles de Foucault e outros santos e santas que foram canonizados pelo Papa Francisco.",0.0
uX-QbGMQ5VA.mp3,"Olá, meu nome é Luiz Antunes, sou professor na rede pública, leciono Filosofia e Tecnologia, e sou atuante em várias lutas pela defesa da dignidade humana. Vou ler aqui um breve relato sobre o Padre Júlio. Conheço o Padre Júlio e já participei de algumas ações com ele. Na defesa",0.0
HsTb8-bN-Hk.mp3,"Eu sou a professora Luciene Cavalcanti, deputada federal do PSOL. Estou aqui para manifestar meu total apoio e solidariedade a toda a luta do padre Júlio Lancelotti, que é uma inspiração, que realiza um trabalho de humanização daqueles mais pobres, dos excluídos, realizando na prática todos os desígnios da santa igreja católica.",0.0
DZG33AH9GZQ.mp3,"Eu queria lembrar uma coisa que a gente comentou no Evangelho e alguém me perguntou, você diz que Nicodemos encontrou três vezes com Jesus, não é? Na primeira vez foi a que a gente leu hoje, ele veio na noite, a gente não sabe se ele entendeu ou não entendeu, está mais de que não entendeu,",0.0
-xC5iIa5-Ys.mp3,"Paz e bem a todas as pessoas, em especial ao Padre Júlio. Padre Júlio, eu sou Marlene Miranda, faço parte da grande comunidade de São Miguel Arcanjo, porque a São Miguel Arcanjo agora faz parte de todo o Brasil, não é? Porque todos nós seguimos e gostamos de receber os seus ensinamentos",0.0
E-V7YmPUbXk.mp3,"Oi, bom dia, Padre Júlio Lancelotti, meu querido. Meu nome é Margarida Luz. Eu moro em uma cidade pequenininha, em Feliz dos Santos, do interior de Minas Gerais, situada no Vale do Jequitonha, e eu participo da Igreja na Paróquia Sagrada Coração de Jesus, que pertence a arquidiócesis",0.0
-dTpZ7K4Ye0.mp3,"Olá, meu nome é Marcelo Bretas, eu sou jornalista, escritor e eu bem tendo o prazer de conviver com o Padre Júlio nesses últimos anos. É um prazer que nem sempre eu consigo exercer com todo o vigor, com toda a vontade que eu gostaria. Eu moro num outro município, no extremo contrário ao da",0.0
7tCRpW1pHCw.mp3,"Há e daqueles que perseguem quem pratica o direito e a justiça. Padre Júlio, é estupidamente desumanizante a rasteira perseguição que fazem a sua",0.0
vrPYFCT3Hdw.mp3,"Se vocês têm visto a campanha indecente, indecorosa que estão fazendo contra o Julio Lancelotti. É uma pessoa que há mais de 50 anos dedica a vida dele para tratar de quem precisa de apoio, de quem não tem um mínimo para ter uma vida digna. Mas não, tem gente que acha que isso merece ser atacado, merece ser",0.0
vFLt_KmUOkE.mp3,"Se calarem a voz dos profetas, as pedras falarão. Meu nome é Rona Joliveira, sou jornalista e atualmente atuo como coordenador nacional de comunicação. Venho aqui manifestar não só o meu carinho, minha admiração, meu respeito, mas dizer que estou junto com o padre Julio Lancelotti e dizer que em tempos tão obscuros como esses que estamos vivendo, de perseguições políticas,",0.0
sxreXySs5Kk.mp3,you,0.0
3LtwheF1NPo.mp3,"A coleta nacional para a campanha da fraternidade será feita em todas as comunidades no Brasil no próximo domingo, domingo de Ramos, dia 24 de março. E o objetivo desta coleta é apoiar projetos nas paróquias, nas dioceses, espalhados por todo o Brasil, que tenham a marca da solidariedade, da amizade social, do acolhimento, de lutar",0.03333333333333333
5DH3lxXP3rs.mp3,"Olá, meu nome é Simone Gatti, eu sou arquiteto urbanista e sou da diretoria do Fundo FICA. Estou aqui hoje para prestar nosso apoio e solidariedade ao Padre Júlio Lancelotti. Padre Júlio é nosso parceiro num projeto chamado Morai Primeiro, que oferece moradia para a população em situação de rua, que vive em São Paulo. Padre Júlio hoje faz um trabalho",0.0
Jj8_b2ZHo0g.mp3,"Eu me chamo Maria Alice, moro no interior do estado de São Paulo e seguimos o Pade Júlio pelo YouTube, pelo ICL também, assistimos as suas missas aos domingos, já fui a São Paulo para conhecê-lo pessoalmente e o que eu posso dizer do Pade Júlio é que ele é amor e que o amor incomoda, por isso que o Pade Júlio incomoda essas pessoas que estão perseguindo ele,",0.0
2PaW_JmSoHc.mp3,"Vereadores da Câmara Municipal de São Paulo atacam o trabalho do Vicariato Episcopal para a pastoral do povo da rua. Nesse período da Quaresma, em que a igreja no Brasil reflete a campanha da fraternidade de 2024, fraternidade e amizade social, fomos surpreendidos com o pedido de abertura de",0.03333333333333333
tYOk7LUM1bs.mp3,"Querido companheiro e mestre, Padre Júlio Lancelotti, o senhor não tem dimensão do significado de seu profetismo, seu exemplo e de como sua fé cativa e conduz tantas pessoas que, assim como eu, não professa a fé católica, embora tenha nascido em berço católico. E digo isso porque, ao contrário do que vi e vivi na fé católica de onde venho, uma importante cidade do interior de São Paulo,",0.0
aC4Y5SEhT-k.mp3,"Olá, eu sou Ilka Sintra, sou educadora aposentada, também sou compositora, cantora, trabalho com música. Eu não pertenço à comunidade São Miguel Arcanjo, mas eu acompanho o trabalho do Padre Júlio há muito tempo, há muito tempo, muito antes das redes sociais. Eu sou uma grande admiradora",0.0
2fV1nkzz4ZA.mp3,"Olá, estou passando por aqui para dizer que refletindo na passagem bíblica de Mateus 25, podemos perceber que Jesus diz que a caridade feita para qualquer um dos pequeninos dos necessitados não estaríamos fazendo para os próprios necessitados, mas sim que Ele mesmo estaria recebendo de nós,",0.0
r2nqNjigqM0.mp3,"Padre Júlio Dancelotti, boa tarde, paz e bem. Aqui deixo o meu abraço fraterno e todo o meu apoio ao senhor nesse momento. Conte sempre comigo e com as minhas orações. Aqui é Leonardo da Comissão Sociopolítica da Diocese de São José dos Campos. Paz e bem.",0.0
hVCWxP4Jmo4.mp3,"Homenagem ao nosso querido, irmão, amigo Padre Júlio Lancelotti, 2 de março de 2024. Padre Júlio Lancelotti é pároco da paróquia São Miguel Arcanjo, no bairro da Moca, na cidade de São Paulo, desde 1986.",0.0
dYGk9Q-SwVk.mp3,you,0.0
X-Z-3v9Euq8.mp3,"Chama a gente pra um momento novo De caminhar junto com seu povo É hora de transformar o que não dá mais Sozinho, isolado, ninguém é capaz Por isso vem Entra na roda com a gente também",0.0
POT3dafmyio.mp3,"Meus irmãos, minhas irmãs, estamos vivendo o quinto domingo do tempo da Páscoa, e sempre no quinto domingo nós lemos esse texto de João, onde Jesus vai nos dizer, eu sou a videira, a verdadeira, a verdadeira, sinal que tem alguma videira que não é a verdadeira. Jesus diz, eu sou, que é o nome de Deus, a verdadeira videira.",0.0
EybFbMmnpdo.mp3,"Nós estamos lendo o Evangelho de Marcos e continuamente estamos ainda no capítulo 1, nesse tempo que é o chamado tempo comum, e nós ouvimos no domingo passado Jesus chamando quatro discípulos, quatro para segui-lo.",0.0
usDeePjqZT4.mp3,"Ontem fez 39 anos que o padre Júlio foi ordenado sacerdote. Padre Júlio, o nosso bom pastor. Pelas mãos de Dom Luciano Mendes de Almeida, o senhor se ordenou padre há 39 anos. Mais do que minha bênção, naquele momento, ele deu ao senhor uma missão de prosseguir fiel a uma caminhada profética.",0.0
r3Hmltx_ZrQ.mp3,"O grupo de canto preparou pra nós esse canto pra que, apesar dos corações despedaçados, a gente não perca a esperança, porque Jesus se aproxima, toca a nossa mão e nos faz ficar de pé para servir, para servir. Cantemos.",0.0
7fxy0sDiGFw.mp3,"Boa noite, eu sou Milton Rondó, diplomata aposentado. Eu queria apoiar o padre Júlio Lancelotti no excelente trabalho que ele faz, apoiando a população de rua, os dispossuídos que estão largados nas ruas de São Paulo pela incompetência do atual governador, que",0.0
mMtIKjN7O2g.mp3,"Bom, eu sou Camilo Vanucchi, sou jornalista, escritor, professor de jornalismo na Casper Lidl e secretário de cultura em Diadema. Queria prestar minha solidaridade, meu apoio, meu agradecimento ao padre Julio Ancelotti. E padre, a gente está acostumado com episódios na história em que as pessoas que fazem coisas muito importantes são perseguidas e intimidadas.",0.0
d9OYmVgX184.mp3,"Meu querido e amado Padre Júlio, aqui é a Luciana diretamente de Nova York, estou aqui no Brooklyn, indo para o trabalho nessa manhã fria, ainda é primavera, mas está bem frio. Não sei se o senhor lembra de mim, sou a Luciana do coletivo Mulheres da Resistência, estamos sempre aí fazendo uma",0.0
5uFWgxzSSr8.mp3,"Prezado padre Júlio Lancelotti, apesar de conhecer seu trabalho já há um bom tempo, nós fomos ao seu encontro e ao encontro de Deus na pequena igreja de São Miguel Arcanja no final do ano passado. Quando a gente entrou lá, o que mais chamou a mim e a minha esposa a atenção,",0.0
OnmrzzGpzJ4.mp3,"Eu sou Naen Sestis, moro em São Paulo e é com profundo carinho, admiração e respeito que eu venho falar do Padre Júlio Lancelotti. O meu coração transborda de amor quando eu penso no Padre Júlio, mas apesar do meu coração transbordar de amor, eu não deixo o Padre escapar. Eu levo o Padre aqui todos os dias.",0.0
JJNtbDN0Ex8.mp3,"Eu sou o professor Thiago Godoi, da Comissão Regional Justiça e Paz, aqui no Mato Grosso do Sul. Eu venho prestar a minha homenagem, minha gratidão, minha solidariedade, minha prece, minha fraternidade ao padre Júlio Lancelotti, que vem sofrendo uma perseguição maquiavélica, cruel, que destina não só feri-lo, mas atacar a igreja católica, atacar as pessoas que são atendidas pela pastoral",-1.0
khQI7OxP1DE.mp3,"Olá, meu nome é Natércio, tenho 46 anos, participo da comunidade da Parocas São Miguel Arcândio na pastoral da criança. Bom, Padre Júlio, eu queria mandar o meu abraço de toda minha família para o senhor, demonstrar o nosso apoio, nossa confiança. Já dissemos isso para o senhor, mas conte conosco, a gente vai estar junto do senhor sempre para que o senhor mantenha",0.0
zbv6IC2LNMo.mp3,"O padre Júlio Lancelotti está sofrendo mais uma perseguição em São Paulo, mais uma, porque a vida desse padre é um rosário de perseguições e ele segue sereno, tranquilo, porque o seu inspirador foi um outro perseguido, Jesus Cristo. Portanto, a perseguição que faz",0.0
qdzogpU-URI.mp3,"Minha solidariedade, meu apoio e meu abraço fraterno ao Padre Julio Lancelot. Ninguém solta a sua mão, Padre Julio. O senhor me representa, o senhor representa o amor. Toda força, toda solidariedade, todo carinho, Padre Julio Lancelot. Tida Vernuzzi, de Rio Preto, São Paulo.",0.0
pRQ1p0OmyK0.mp3,"Olá, irmãos! Sou David Preto, defensor dos Jeitos Humanos, grupo de minoria e ativista negro aqui em São Paulo. Primeiramente, todo o meu respeito, admiração e carinho ao nosso amado Pado Júlio Lancelotti, que é abençoado e iluminado por Deus por toda a sua luta de trajetória, de muita coragem, amor e fé. Pado Júlio, ele nos ensina o verdadeiro Evangelho que Jesus nos deixou, que amai o próximo como a ti mesmo.",0.0
